Features,Importance
0,-0.7959184612049007
1,-0.5756801513960745
2,0.11629495414625321
3,0.1469069434776185
