Features,Importance
2,-0.7549010447428465
1,-0.5551187589921507
0,-0.07986359354316436
3,0.3399843856525556
