Features,Importance
2,-0.49952664883793974
0,-0.22833959516014085
1,-0.14407364893278946
3,0.3701085390192391
