Features,Importance
3,-0.9213087323617944
5,-0.16536161184376674
0,-0.16052641388725739
2,-0.04889961056215028
4,0.05769807772404591
1,0.3039025951857798
