Features,Importance
1,-0.24023411406975373
3,0.15679059936542383
2,0.17189695837251448
0,0.8103018110453312
