Features,Importance
0,-0.707298390851545
3,-0.40875322582720397
1,0.07446926995337293
2,0.571930165760892
