Features,Importance
0,-0.856117092760551
2,-0.5098186205698315
1,-0.08439817032855838
3,-0.00504444731245951
