Features,Importance
1,-0.5428971463550595
0,-0.47048555149150295
3,0.1364089416309451
2,0.6821280194805039
