Features,Importance
1,-0.33457037828034686
2,-0.153344267348359
3,0.08275811630168076
0,0.9261205600973007
